--create table 
CREATE TABLE energy_sources.energy_source (
    energy_source_id INT PRIMARY KEY,
    source_name VARCHAR(255) NOT NULL,
    source_type VARCHAR(100) NOT NULL
);
INSERT INTO energy_sources.energy_source (energy_source_id, source_name, source_type) VALUES
(1, 'Solar', 'Renewable'),
(2, 'Wind', 'Renewable'),
(3, 'Hydropower', 'Renewable'),
(4, 'Geothermal', 'Renewable'),
(5, 'Biomass', 'Renewable'),
(6, 'Nuclear', 'Non-renewable'),
(7, 'Coal', 'Non-renewable'),
(8, 'Oil', 'Non-renewable'),
(9, 'Natural Gas', 'Non-renewable'),
(10, 'Tidal', 'Renewable'),
(11, 'Wave', 'Renewable'),
(12, 'Algae', 'Renewable'),
(13, 'Hydrogen Fuel Cells', 'Renewable'),
(14, 'Bioethanol', 'Renewable'),
(15, 'Biodiesel', 'Renewable'),
(16, 'Wood', 'Renewable'),
(17, 'Waste-to-Energy', 'Renewable'),
(18, 'Coal Bed Methane', 'Non-renewable'),
(19, 'Shale Oil', 'Non-renewable'),
(20, 'Peat', 'Non-renewable'),
(21, 'Synthetic Fuels', 'Non-renewable'),
(22, 'Methane Hydrates', 'Non-renewable'),
(23, 'Solar Thermal', 'Renewable'),
(24, 'Concentrated Solar Power', 'Renewable'),
(25, 'Ocean Thermal Energy Conversion', 'Renewable'),
(26, 'Run-of-the-River Hydropower', 'Renewable'),
(27, 'Small Hydropower', 'Renewable'),
(28, 'Large Hydropower', 'Renewable'),
(29, 'Offshore Wind', 'Renewable'),
(30, 'Onshore Wind', 'Renewable'),
(31, 'Geothermal Heat Pumps', 'Renewable'),
(32, 'Deep Geothermal', 'Renewable'),
(33, 'Municipal Solid Waste', 'Renewable'),
(34, 'Animal Manure', 'Renewable'),
(35, 'Landfill Gas', 'Renewable'),
(36, 'Crop Residues', 'Renewable'),
(37, 'Energy Crops', 'Renewable'),
(38, 'Forestry Residues', 'Renewable'),
(39, 'Black Liquor', 'Renewable'),
(40, 'Palm Oil', 'Renewable'),
(41, 'Bagasse', 'Renewable'),
(42, 'Corn Ethanol', 'Renewable'),
(43, 'Fossil Natural Gas', 'Non-renewable'),
(44, 'Bituminous Coal', 'Non-renewable'),
(45, 'Anthracite Coal', 'Non-renewable'),
(46, 'Lignite Coal', 'Non-renewable'),
(47, 'Crude Oil', 'Non-renewable'),
(48, 'Heavy Oil', 'Non-renewable'),
(49, 'Refined Petroleum Products', 'Non-renewable'),
(50, 'Kerosene', 'Non-renewable'),
(51, 'Diesel', 'Non-renewable'),
(52, 'Gasoline', 'Non-renewable'),
(53, 'Propane', 'Non-renewable'),
(54, 'Butane', 'Non-renewable'),
(55, 'Compressed Natural Gas', 'Non-renewable'),
(56, 'Liquefied Natural Gas', 'Non-renewable'),
(57, 'Synthetic Natural Gas', 'Non-renewable'),
(58, 'Oil Sands', 'Non-renewable'),
(59, 'Tar Sands', 'Non-renewable'),
(60, 'Fission', 'Non-renewable'),
(61, 'Fusion (Experimental)', 'Renewable'),
(62, 'Solar Photovoltaic', 'Renewable'),
(63, 'Floating Solar', 'Renewable'),
(64, 'Community Solar', 'Renewable'),
(65, 'Utility-scale Solar', 'Renewable'),
(66, 'Residential Solar', 'Renewable'),
(67, 'Hybrid Wind-Solar', 'Renewable'),
(68, 'Geothermal Steam', 'Renewable'),
(69, 'Enhanced Geothermal Systems', 'Renewable'),
(70, 'Ocean Current Energy', 'Renewable'),
(71, 'Compressed Air Energy Storage', 'Renewable'),
(72, 'Flywheel Energy Storage', 'Renewable'),
(73, 'Pumped Storage Hydropower', 'Renewable'),
(74, 'Molten Salt Energy Storage', 'Renewable'),
(75, 'Carbon Capture and Storage', 'Non-renewable'),
(76, 'Integrated Gasification Combined Cycle', 'Non-renewable'),
(77, 'Oil Shale', 'Non-renewable'),
(78, 'Coal Liquefaction', 'Non-renewable'),
(79, 'Coal Gasification', 'Non-renewable'),
(80, 'Brown Coal', 'Non-renewable'),
(81, 'Activated Carbon', 'Non-renewable'),
(82, 'Biochar', 'Renewable'),
(83, 'Hydropower Dams', 'Renewable'),
(84, 'Rainwater Harvesting for Energy', 'Renewable'),
(85, 'Solar Chimneys', 'Renewable'),
(86, 'Thermoelectric Energy', 'Renewable'),
(87, 'Radiant Energy', 'Renewable'),
(88, 'Piezoelectric Energy', 'Renewable'),
(89, 'Kinetic Energy Harvesting', 'Renewable'),
(90, 'Electric Vehicles Charging (Grid)', 'Renewable'),
(91, 'Marine Energy', 'Renewable'),
(92, 'Wind Turbines', 'Renewable'),
(93, 'Solar Water Heaters', 'Renewable'),
(94, 'Ground Source Heat', 'Renewable'),
(95, 'Advanced Nuclear Reactors', 'Non-renewable'),
(96, 'Nuclear Fusion (Emerging)', 'Renewable'),
(97, 'Synthetic Diesel', 'Non-renewable'),
(98, 'Green Hydrogen', 'Renewable'),
(99, 'Blue Hydrogen', 'Non-renewable'),
(100, 'Gray Hydrogen', 'Non-renewable');

select * from energy_sources.energy_source

-- 2.	energy_source_capacity
CREATE TABLE energy_sources.energy_capacity (
    energy_source_id INT,
    year INT NOT NULL,
    capacity DECIMAL(15,2) NOT NULL,
    PRIMARY KEY (energy_source_id, year),
    FOREIGN KEY (energy_source_id) REFERENCES energy_sources.energy_source(energy_source_id)
);
SELECT * FROM energy_sources.energy_source WHERE energy_source_id = 1;

-- insert data
INSERT INTO energy_sources.energy_capacity (energy_source_id, year, capacity) VALUES
(1, 2019, 5000.00),
(2, 2020, 4700.75),
(3, 2019, 4000.10),
(4, 2020, 6300.45),
(5, 2019, 7000.00),
(6, 2019, 8000.75),
(7, 2020, 9500.50),
(8, 2019, 10000.30),
(9, 2020, 11500.25),
(10, 2019, 12000.00),
(11, 2020, 13500.50),
(12, 2019, 14000.30),
(13, 2020, 15500.40),
(14, 2019, 16000.10),
(15, 2020, 17500.60),
(16, 2019, 18000.50),
(17, 2020, 19500.75),
(18, 2019, 20000.00),
(19, 2020, 21500.80),
(20, 2019, 22000.00),
(21, 2020, 23500.75),
(22, 2019, 24000.00),
(23, 2020, 25500.30),
(24, 2019, 26000.00),
(25, 2020, 27500.70),
(26, 2019, 28000.00),
(27, 2020, 29500.20),
(28, 2019, 30000.00),
(29, 2020, 31500.55),
(30, 2019, 32000.30),
(31, 2020, 33500.45),
(32, 2019, 34000.10),
(33, 2020, 35500.60),
(34, 2019, 36000.50),
(35, 2020, 37500.25),
(36, 2019, 38000.00),
(37, 2020, 39500.60),
(38, 2019, 40000.50),
(39, 2020, 41500.75),
(40, 2019, 42000.00),
(41, 2020, 43500.80),
(42, 2019, 44000.00),
(43, 2020, 45500.75),
(44, 2019, 46000.00),
(45, 2020, 47500.30),
(46, 2019, 48000.00),
(47, 2020, 49500.70),
(48, 2019, 50000.00),
(49, 2020, 51500.20),
(50, 2019, 52000.00),
(51, 2020, 53500.55),
(52, 2019, 54000.30),
(53, 2020, 55500.45),
(54, 2019, 56000.10),
(55, 2020, 57500.60),
(56, 2019, 58000.50),
(57, 2020, 59500.25),
(58, 2019, 60000.00),
(59, 2020, 61500.60),
(60, 2019, 62000.50),
(61, 2020, 63500.75),
(62, 2019, 64000.00),
(63, 2020, 65500.80),
(64, 2019, 66000.00),
(65, 2020, 67500.75),
(66, 2019, 68000.00),
(67, 2020, 69500.30),
(68, 2019, 70000.00),
(69, 2020, 71500.70),
(70, 2019, 72000.00),
(71, 2020, 73500.20),
(72, 2019, 74000.00),
(73, 2020, 75500.55),
(74, 2019, 76000.30),
(75, 2020, 77500.45),
(76, 2019, 78000.10),
(77, 2020, 79500.60),
(78, 2019, 80000.50),
(79, 2020, 81500.25),
(80, 2019, 82000.00),
(81, 2020, 83500.60),
(82, 2019, 84000.50),
(83, 2020, 85500.75),
(84, 2019, 86000.00),
(85, 2020, 87500.80),
(86, 2019, 88000.00),
(87, 2020, 89500.75),
(88, 2019, 90000.00),
(89, 2020, 91500.30),
(90, 2019, 92000.00),
(91, 2020, 93500.70),
(92, 2019, 94000.00),
(93, 2020, 95500.20),
(94, 2019, 96000.00),
(95, 2020, 97500.55),
(96, 2019, 98000.30),
(97, 2020, 99500.45),
(98, 2019, 100000.10),
(99, 2020, 101500.60),
(100, 2019, 102000.50);

select * from energy_sources.energy_capacity

-- 3.	energy_source_emissions
CREATE TABLE energy_sources.energy_emissions (
    energy_source_id INT NOT NULL,
    year INT NOT NULL,
    co2_emissions DECIMAL(15,2) NOT NULL,
    FOREIGN KEY (energy_source_id) REFERENCES energy_sources.energy_source(energy_source_id)
);
-- insert data
INSERT INTO energy_sources.energy_emissions (energy_source_id, year, co2_emissions) VALUES
(1, 2019, 1500.25),
(2, 2020, 1400.50),
(3, 2019, 1300.00),
(4, 2020, 2000.10),
(5, 2019, 2200.00),
(6, 2020, 2400.50),
(7, 2019, 2500.00),
(8, 2020, 2700.20),
(9, 2019, 2800.30),
(10, 2020, 3000.00),
(11, 2019, 3200.15),
(12, 2020, 3400.50),
(13, 2019, 3600.00),
(14, 2020, 3800.20),
(15, 2019, 4000.10),
(16, 2020, 4200.30),
(17, 2019, 4400.00),
(18, 2020, 4600.50),
(19, 2019, 4800.00),
(20, 2020, 5000.00),
(21, 2019, 5200.10),
(22, 2020, 5400.00),
(23, 2019, 5600.50),
(24, 2020, 5800.00),
(25, 2019, 6000.10),
(26, 2020, 6200.30),
(27, 2019, 6400.00),
(28, 2020, 6600.10),
(29, 2019, 6800.00),
(30, 2020, 7000.20),
(31, 2019, 7200.00),
(32, 2020, 7400.15),
(33, 2019, 7600.50),
(34, 2020, 7800.00),
(35, 2019, 8000.30),
(36, 2020, 8200.00),
(37, 2019, 8400.10),
(38, 2020, 8600.00),
(39, 2019, 8800.50),
(40, 2020, 9000.00),
(41, 2019, 9200.15),
(42, 2020, 9400.30),
(43, 2019, 9600.00),
(44, 2020, 9800.10),
(45, 2019, 10000.00),
(46, 2020, 10200.20),
(47, 2019, 10400.30),
(48, 2020, 10600.00),
(49, 2019, 10800.10),
(50, 2020, 11000.00),
(51, 2019, 11200.30),
(52, 2020, 11400.50),
(53, 2019, 11600.00),
(54, 2020, 11800.30),
(55, 2019, 12000.00),
(56, 2020, 12200.10),
(57, 2019, 12400.30),
(58, 2020, 12600.00),
(59, 2019, 12800.10),
(60, 2020, 13000.00),
(61, 2019, 13200.50),
(62, 2020, 13400.00),
(63, 2019, 13600.10),
(64, 2020, 13800.00),
(65, 2019, 14000.30),
(66, 2020, 14200.00),
(67, 2019, 14400.10),
(68, 2020, 14600.50),
(69, 2019, 14800.00),
(70, 2020, 15000.10),
(71, 2019, 15200.30),
(72, 2020, 15400.00),
(73, 2019, 15600.50),
(74, 2020, 15800.00),
(75, 2019, 16000.10),
(76, 2020, 16200.00),
(77, 2019, 16400.30),
(78, 2020, 16600.10),
(79, 2019, 16800.50),
(80, 2020, 17000.00),
(81, 2019, 17200.10),
(82, 2020, 17400.20),
(83, 2019, 17600.30),
(84, 2020, 17800.10),
(85, 2019, 18000.00),
(86, 2020, 18200.10),
(87, 2019, 18400.30),
(88, 2020, 18600.00),
(89, 2019, 18800.20),
(90, 2020, 19000.10),
(91, 2019, 19200.30),
(92, 2020, 19400.00),
(93, 2019, 19600.10),
(94, 2020, 19800.00),
(95, 2019, 20000.30),
(96, 2020, 20200.10),
(97, 2019, 20400.00),
(98, 2020, 20600.30),
(99, 2019, 20800.00),
(100, 2020, 21000.10);

-- reterieve data
select * from energy_sources.energy_emissions
