--table 1 energy_consumption
CREATE TABLE energy_consumption.energy_consumptions (
    consumption_id INT PRIMARY KEY, -- Unique identifier for each consumption record
    region_id INT,                 -- Reference to regions table (FK)
    energy_source_id INT,          -- Reference to energy_sources table (FK)
    date DATE,                     -- Date of energy consumption record
    amount_consumed DECIMAL(15,2), -- Amount of energy consumed in kilowatt-hours (kWh)
    FOREIGN KEY (region_id) REFERENCES regions.region_data(region_id),
    FOREIGN KEY (energy_source_id) REFERENCES energy_sources.energy_source(energy_source_id)
);
INSERT INTO energy_consumption.energy_consumptions (consumption_id, region_id, energy_source_id, date, amount_consumed) VALUES 
(1, 1, 1, '2019-01-15', 1200.50),
(2, 2, 2, '2019-02-20', 1500.75),
(3, 3, 3, '2019-03-10', 800.25),
(4, 4, 4, '2019-04-18', 950.60),
(5, 5, 5, '2019-05-12', 1100.00),
(6, 6, 6, '2019-06-25', 1400.80),
(7, 7, 7, '2019-07-30', 1700.90),
(8, 8, 8, '2019-08-16', 900.00),
(9, 9, 9, '2019-09-05', 1300.45),
(10, 10, 10, '2019-10-22', 1450.75),
(11, 11, 11, '2019-11-11', 1550.50),
(12, 12, 12, '2019-12-31', 1600.25),
(13, 13, 13, '2020-01-15', 1250.00),
(14, 14, 14, '2020-02-20', 1350.75),
(15, 15, 15, '2020-03-10', 850.25),
(16, 16, 16, '2020-04-18', 920.60),
(17, 17, 17, '2020-05-12', 1150.00),
(18, 18, 18, '2020-06-25', 1420.80),
(19, 19, 19, '2020-07-30', 1720.90),
(20, 20, 20, '2020-08-16', 910.00),
(21, 21, 21, '2020-09-05', 1320.45),
(22, 22, 22, '2020-10-22', 1480.75),
(23, 23, 23, '2020-11-11', 1570.50),
(24, 24, 24, '2020-12-31', 1620.25),
(25, 25, 25, '2019-01-25', 1450.50),
(26, 26, 26, '2019-02-22', 1220.75),
(27, 27, 27, '2019-03-15', 980.25),
(28, 28, 28, '2019-04-20', 1050.60),
(29, 29, 29, '2019-05-18', 1150.00),
(30, 30, 30, '2019-06-29', 1300.80),
(31, 31, 31, '2019-07-19', 1650.90),
(32, 32, 32, '2019-08-28', 950.00),
(33, 33, 33, '2019-09-10', 1450.45),
(34, 34, 34, '2019-10-29', 1250.75),
(35, 35, 35, '2019-11-15', 1150.50),
(36, 36, 36, '2019-12-23', 1550.25),
(37, 37, 37, '2020-01-30', 1350.00),
(38, 38, 38, '2020-02-15', 1400.75),
(39, 39, 39, '2020-03-28', 950.25),
(40, 40, 40, '2020-04-25', 1020.60),
(41, 41, 41, '2020-05-10', 1250.00),
(42, 42, 42, '2020-06-18', 1420.80),
(43, 43, 43, '2020-07-20', 1650.90),
(44, 44, 44, '2020-08-30', 1000.00),
(45, 45, 45, '2020-09-16', 1400.45),
(46, 46, 46, '2020-10-11', 1500.75),
(47, 47, 47, '2020-11-12', 1650.50),
(48, 48, 48, '2020-12-29', 1750.25),
(49, 49, 49, '2019-01-14', 1500.50),
(50, 50, 50, '2019-02-25', 1420.75),
(51, 51, 51, '2019-03-12', 890.50),
(52, 52, 52, '2019-04-19', 1025.75),
(53, 53, 53, '2019-05-25', 1125.00),
(54, 54, 54, '2019-06-30', 1350.60),
(55, 55, 55, '2019-07-21', 1600.80),
(56, 56, 56, '2019-08-12', 975.90),
(57, 57, 57, '2019-09-28', 1375.45),
(58, 58, 58, '2019-10-15', 1480.75),
(59, 59, 59, '2019-11-05', 1525.50),
(60, 60, 60, '2019-12-18', 1570.25),
(61, 61, 61, '2020-01-22', 1265.00),
(62, 62, 62, '2020-02-19', 1380.75),
(63, 63, 63, '2020-03-15', 865.25),
(64, 64, 64, '2020-04-22', 940.60),
(65, 65, 65, '2020-05-30', 1175.00),
(66, 66, 66, '2020-06-20', 1440.80),
(67, 67, 67, '2020-07-29', 1745.90),
(68, 68, 68, '2020-08-23', 925.00),
(69, 69, 69, '2020-09-12', 1335.45),
(70, 70, 70, '2020-10-09', 1495.75),
(71, 71, 71, '2020-11-21', 1580.50),
(72, 72, 72, '2020-12-26', 1645.25),
(73, 73, 73, '2019-01-29', 1525.50),
(74, 74, 74, '2019-02-10', 1340.75),
(75, 75, 75, '2019-03-20', 890.25),
(76, 76, 76, '2019-04-15', 1025.60),
(77, 77, 77, '2019-05-18', 1155.00),
(78, 78, 78, '2019-06-22', 1375.80),
(79, 79, 79, '2019-07-17', 1620.90),
(80, 80, 80, '2019-08-29', 975.00),
(81, 81, 81, '2019-09-03', 1385.45),
(82, 82, 82, '2019-10-08', 1495.75),
(83, 83, 83, '2019-11-10', 1520.50),
(84, 84, 84, '2019-12-15', 1575.25),
(85, 85, 85, '2020-01-28', 1285.00),
(86, 86, 86, '2020-02-14', 1390.75),
(87, 87, 87, '2020-03-18', 875.25),
(88, 88, 88, '2020-04-24', 955.60),
(89, 89, 89, '2020-05-16', 1185.00),
(90, 90, 90, '2020-06-27', 1455.80),
(91, 91, 91, '2020-07-14', 1765.90),
(92, 92, 92, '2020-08-11', 935.00),
(93, 93, 93, '2020-09-20', 1355.45),
(94, 94, 94, '2020-10-16', 1505.75),
(95, 95, 95, '2020-11-14', 1595.50),
(96, 96, 96, '2020-12-31', 1665.25),
(97, 97, 97, '2019-01-16', 1535.50),
(98, 98, 98, '2019-02-11', 1360.75),
(99, 99, 99, '2019-03-22', 905.25),
(100, 100, 100, '2019-04-12', 1040.60);

select * from energy_consumption.energy_consumptions

-- Table 2: monthly_consumption
CREATE TABLE energy_consumption.monthly_consumption (
    region_id INT,                 -- Reference to regions table (FK)
    energy_source_id INT,          -- Reference to energy_sources table (FK)
    month INT,                     -- Month of the consumption
    amount_consumed DECIMAL(15,2), -- Amount of energy consumed in that month
    FOREIGN KEY (region_id) REFERENCES regions.region_data(region_id),
    FOREIGN KEY (energy_source_id) REFERENCES energy_sources.energy_source (energy_source_id),
    PRIMARY KEY (region_id, energy_source_id, month)
);

INSERT INTO energy_consumption.monthly_consumption (region_id, energy_source_id, month, amount_consumed) VALUES
(1, 1, 1, 10000.75),
(2, 2, 2, 10001.50),
(3, 3, 3, 10002.25),
(4, 4, 4, 10003.00),
(5, 5, 5, 10003.75),
(6, 6, 6, 10004.50),
(7, 7, 7, 10005.25),
(8, 8, 8, 10006.00),
(9, 9, 9, 10006.75),
(10, 10, 10, 10007.50),
(11, 11, 11, 10008.25),
(12, 12, 12, 10009.00),
(13, 13, 1, 10009.75),
(14, 14, 2, 10010.50),
(15, 15, 3, 10011.25),
(16, 16, 4, 10012.00),
(17, 17, 5, 10012.75),
(18, 18, 6, 10013.50),
(19, 19, 7, 10014.25),
(20, 20, 8, 10015.00),
(21, 21, 9, 10015.75),
(22, 22, 10, 10016.50),
(23, 23, 11, 10017.25),
(24, 24, 12, 10018.00),
(25, 25, 1, 10018.75),
(26, 26, 2, 10019.50),
(27, 27, 3, 10020.25),
(28, 28, 4, 10021.00),
(29, 29, 5, 10021.75),
(30, 30, 6, 10022.50),
(31, 31, 7, 10023.25),
(32, 32, 8, 10024.00),
(33, 33, 9, 10024.75),
(34, 34, 10, 10025.50),
(35, 35, 11, 10026.25),
(36, 36, 12, 10027.00),
(37, 37, 1, 10027.75),
(38, 38, 2, 10028.50),
(39, 39, 3, 10029.25),
(40, 40, 4, 10030.00),
(41, 41, 5, 10030.75),
(42, 42, 6, 10031.50),
(43, 43, 7, 10032.25),
(44, 44, 8, 10033.00),
(45, 45, 9, 10033.75),
(46, 46, 10, 10034.50),
(47, 47, 11, 10035.25),
(48, 48, 12, 10036.00),
(49, 49, 1, 10036.75),
(50, 50, 2, 10037.50),
(51, 51, 3, 10038.25),
(52, 52, 4, 10039.00),
(53, 53, 5, 10039.75),
(54, 54, 6, 10040.50),
(55, 55, 7, 10041.25),
(56, 56, 8, 10042.00),
(57, 57, 9, 10042.75),
(58, 58, 10, 10043.50),
(59, 59, 11, 10044.25),
(60, 60, 12, 10045.00),
(61, 61, 1, 10045.75),
(62, 62, 2, 10046.50),
(63, 63, 3, 10047.25),
(64, 64, 4, 10048.00),
(65, 65, 5, 10048.75),
(66, 66, 6, 10049.50),
(67, 67, 7, 10050.25),
(68, 68, 8, 10051.00),
(69, 69, 9, 10051.75),
(70, 70, 10, 10052.50),
(71, 71, 11, 10053.25),
(72, 72, 12, 10054.00),
(73, 73, 1, 10054.75),
(74, 74, 2, 10055.50),
(75, 75, 3, 10056.25),
(76, 76, 4, 10057.00),
(77, 77, 5, 10057.75),
(78, 78, 6, 10058.50),
(79, 79, 7, 10059.25),
(80, 80, 8, 10060.00),
(81, 81, 9, 10060.75),
(82, 82, 10, 10061.50),
(83, 83, 11, 10062.25),
(84, 84, 12, 10063.00),
(85, 85, 1, 10063.75),
(86, 86, 2, 10064.50),
(87, 87, 3, 10065.25),
(88, 88, 4, 10066.00),
(89, 89, 5, 10066.75),
(90, 90, 6, 10067.50),
(91, 91, 7, 10068.25),
(92, 92, 8, 10069.00),
(93, 93, 9, 10069.75),
(94, 94, 10, 10070.50),
(95, 95, 11, 10071.25),
(96, 96, 12, 10072.00),
(97, 97, 1, 10072.75),
(98, 98, 2, 10073.50),
(99, 99, 3, 10074.25),
(100, 100, 4, 10075.00);

select * from energy_consumption.monthly_consumption

-- Table 3: yearly_consumption
CREATE TABLE energy_consumption.yearly_consumption (
    region_id INT,                 -- Reference to regions table (FK)
    year INT,                      -- Year of the consumption
    total_consumed DECIMAL(15,2),  -- Total energy consumed in that year
    FOREIGN KEY (region_id) REFERENCES regions.region_data(region_id),
    PRIMARY KEY (region_id, year)
);

--insert data
INSERT INTO energy_consumption.yearly_consumption (region_id, year, total_consumed) VALUES
(1, 2019, 11500.50),
(2, 2019, 12000.75),
(3, 2019, 9800.60),
(4, 2019, 10550.90),
(5, 2019, 11100.30),
(6, 2019, 12500.80),
(7, 2019, 13000.45),
(8, 2019, 10200.25),
(9, 2019, 11300.75),
(10, 2019, 11850.40),
(11, 2019, 12150.25),
(12, 2019, 12700.60),
(13, 2019, 11900.40),
(14, 2019, 12450.75),
(15, 2019, 10900.30),
(16, 2019, 13200.50),
(17, 2019, 13600.45),
(18, 2019, 12800.60),
(19, 2019, 12550.30),
(20, 2019, 12100.25),
(21, 2019, 11400.30),
(22, 2019, 13000.75),
(23, 2019, 12750.60),
(24, 2019, 13800.25),
(25, 2019, 14250.60),
(26, 2019, 12100.35),
(27, 2019, 12900.40),
(28, 2019, 11550.50),
(29, 2019, 12600.45),
(30, 2019, 13000.80),
(31, 2019, 11950.90),
(32, 2019, 11350.75),
(33, 2019, 11800.60),
(34, 2019, 12800.40),
(35, 2019, 13400.25),
(36, 2019, 11250.35),
(37, 2019, 13650.75),
(38, 2019, 14250.80),
(39, 2019, 12300.50),
(40, 2019, 12700.25),
(41, 2019, 11000.45),
(42, 2019, 12250.80),
(43, 2019, 13750.90),
(44, 2019, 12950.60),
(45, 2019, 14150.30),
(46, 2019, 11850.25),
(47, 2019, 13450.80),
(48, 2019, 12750.90),
(49, 2019, 12200.35),
(50, 2019, 13000.60),
(51, 2020, 12000.50),
(52, 2020, 14050.25),
(53, 2020, 9500.75),
(54, 2020, 10350.60),
(55, 2020, 11200.00),
(56, 2020, 12500.30),
(57, 2020, 13500.40),
(58, 2020, 9200.50),
(59, 2020, 11000.45),
(60, 2020, 13050.75),
(61, 2020, 14550.50),
(62, 2020, 15500.25),
(63, 2020, 12050.75),
(64, 2020, 12560.90),
(65, 2020, 9450.25),
(66, 2020, 10500.60),
(67, 2020, 11500.75),
(68, 2020, 14000.80),
(69, 2020, 15200.90),
(70, 2020, 9900.00),
(71, 2020, 11000.45),
(72, 2020, 12850.75),
(73, 2020, 13500.50),
(74, 2020, 14500.25),
(75, 2020, 12250.50),
(76, 2020, 13000.25),
(77, 2020, 9350.75),
(78, 2020, 10150.60),
(79, 2020, 11350.00),
(80, 2020, 12000.80),
(81, 2020, 13400.90),
(82, 2020, 9550.00),
(83, 2020, 10800.45),
(84, 2020, 12550.50),
(85, 2020, 14000.75),
(86, 2020, 15350.60),
(87, 2020, 12100.90),
(88, 2020, 12950.30),
(89, 2020, 9500.60),
(90, 2020, 10550.75),
(91, 2020, 11350.90),
(92, 2020, 13750.25),
(93, 2020, 15000.40),
(94, 2020, 9800.00),
(95, 2020, 11050.75),
(96, 2020, 13000.90),
(97, 2020, 13650.50),
(98, 2020, 14350.75),
(99, 2020, 12200.75),
(100, 2020, 12800.40);

--data reterival
select * from energy_consumption.yearly_consumption