-- 1.	energy_consumption_forecast
CREATE TABLE forecasting.energy_consumption_forecast (
    forecast_id INT PRIMARY KEY,           -- Unique identifier for each forecast record
    region_id INT,                         -- Reference to regions table (foreign key)
    forecast_date DATE,                    -- Date for the forecast (future date)
    forecast_consumed DECIMAL(15,2),       -- Predicted energy consumption in kWh
    FOREIGN KEY (region_id) REFERENCES regions.region_data(region_id)  -- Foreign key constraint to regions table
);
-- insert data
INSERT INTO forecasting.energy_consumption_forecast (forecast_id, region_id, forecast_date, forecast_consumed)
VALUES
(1, 1, '2021-01-01', 1500.50),
(2, 2, '2021-02-01', 1600.75),
(3, 3, '2021-03-01', 1400.60),
(4, 4, '2021-04-01', 1350.90),
(5, 5, '2021-05-01', 1450.30),
(6, 6, '2021-06-01', 1550.80),
(7, 7, '2021-07-01', 1600.45),
(8, 8, '2021-08-01', 1300.25),
(9, 9, '2021-09-01', 1400.75),
(10, 10, '2021-10-01', 1500.40),
(11, 11, '2021-11-01', 1550.25),
(12, 12, '2021-12-01', 1650.60),
(13, 13, '2021-01-15', 1500.40),
(14, 14, '2021-02-15', 1550.75),
(15, 15, '2021-03-15', 1300.30),
(16, 16, '2021-04-15', 1650.50),
(17, 17, '2021-05-15', 1700.45),
(18, 18, '2021-06-15', 1600.60),
(19, 19, '2021-07-15', 1550.30),
(20, 20, '2021-08-15', 1500.25),
(21, 21, '2021-09-15', 1400.30),
(22, 22, '2021-10-15', 1600.75),
(23, 23, '2021-11-15', 1550.60),
(24, 24, '2021-12-15', 1700.25),
(25, 25, '2021-01-20', 1450.50),
(26, 26, '2021-02-20', 1550.25),
(27, 27, '2021-03-20', 1300.75),
(28, 28, '2021-04-20', 1400.60),
(29, 29, '2021-05-20', 1500.80),
(30, 30, '2021-06-20', 1600.90),
(31, 31, '2021-07-20', 1450.75),
(32, 32, '2021-08-20', 1550.30),
(33, 33, '2021-09-20', 1700.80),
(34, 34, '2021-10-20', 1600.90),
(35, 35, '2021-11-20', 1500.60),
(36, 36, '2021-12-20', 1550.75),
(37, 37, '2021-01-25', 1400.50),
(38, 38, '2021-02-25', 1300.80),
(39, 39, '2021-03-25', 1450.90),
(40, 40, '2021-04-25', 1500.45),
(41, 41, '2021-05-25', 1600.50),
(42, 42, '2021-06-25', 1550.30),
(43, 43, '2021-07-25', 1450.60),
(44, 44, '2021-08-25', 1500.90),
(45, 45, '2021-09-25', 1300.40),
(46, 46, '2021-10-25', 1400.90),
(47, 47, '2021-11-25', 1500.75),
(48, 48, '2021-12-25', 1650.25),
(49, 49, '2021-01-30', 1600.30),
(50, 50, '2021-02-28', 1450.20),
(51, 51, '2021-03-30', 1500.60),
(52, 52, '2021-04-30', 1400.80),
(53, 53, '2021-05-30', 1550.25),
(54, 54, '2021-06-30', 1500.70),
(55, 55, '2021-07-30', 1600.45),
(56, 56, '2021-08-30', 1450.80),
(57, 57, '2021-09-30', 1550.50),
(58, 58, '2021-10-30', 1600.60),
(59, 59, '2021-11-30', 1450.50),
(60, 60, '2021-12-30', 1500.80),
(61, 61, '2021-01-05', 1550.20),
(62, 62, '2021-02-05', 1500.60),
(63, 63, '2021-03-05', 1400.30),
(64, 64, '2021-04-05', 1450.75),
(65, 65, '2021-05-05', 1300.90),
(66, 66, '2021-06-05', 1600.80),
(67, 67, '2021-07-05', 1500.45),
(68, 68, '2021-08-05', 1450.25),
(69, 69, '2021-09-05', 1500.30),
(70, 70, '2021-10-05', 1600.70),
(71, 71, '2021-11-05', 1550.60),
(72, 72, '2021-12-05', 1450.90),
(73, 73, '2021-01-10', 1500.75),
(74, 74, '2021-02-10', 1600.60),
(75, 75, '2021-03-10', 1450.80),
(76, 76, '2021-04-10', 1300.75),
(77, 77, '2021-05-10', 1600.30),
(78, 78, '2021-06-10', 1450.50),
(79, 79, '2021-07-10', 1500.80),
(80, 80, '2021-08-10', 1550.90),
(81, 81, '2021-09-10', 1450.20),
(82, 82, '2021-10-10', 1600.80),
(83, 83, '2021-11-10', 1550.40),
(84, 84, '2021-12-10', 1450.60),
(85, 85, '2021-01-15', 1500.50),
(86, 86, '2021-02-15', 1450.60),
(87, 87, '2021-03-15', 1550.70),
(88, 88, '2021-04-15', 1600.20),
(89, 89, '2021-05-15', 1500.40),
(90, 90, '2021-06-15', 1450.30),
(91, 91, '2021-07-15', 1550.80),
(92, 92, '2021-08-15', 1500.25),
(93, 93, '2021-09-15', 1600.30),
(94, 94, '2021-10-15', 1550.60),
(95, 95, '2021-11-15', 1450.90),
(96, 96, '2021-12-15', 1500.70),
(97, 97, '2021-01-20', 1450.60),
(98, 98, '2021-02-20', 1600.50),
(99, 99, '2021-03-20', 1500.30),
(100, 100, '2021-04-20', 1450.80);

select * from forecasting.energy_consumption_forecast

-- 2.	energy_production_forecast
CREATE TABLE forecasting.energy_production_forecast (
    forecast_id INT PRIMARY KEY,                -- Unique identifier for each forecast record
    energy_source_id INT,                       -- Reference to energy_sources table
    forecast_date DATE,                         -- Date for the forecast (future date)
    forecast_produced DECIMAL(15,2),            -- Predicted energy production in kWh
    FOREIGN KEY (energy_source_id) REFERENCES energy_sources.energy_source(energy_source_id) -- Foreign key reference to energy_sources table
);

INSERT INTO forecasting.energy_production_forecast (forecast_id, energy_source_id, forecast_date, forecast_produced) VALUES
(1, 1, '2021-01-01', 10500.50),
(2, 2, '2021-01-10', 11000.75),
(3, 3, '2021-01-15', 9500.60),
(4, 4, '2021-02-01', 10250.90),
(5, 5, '2021-02-05', 10750.30),
(6, 6, '2021-02-10', 11000.50),
(7, 7, '2021-02-15', 9500.25),
(8, 8, '2021-03-01', 11500.60),
(9, 9, '2021-03-05', 12000.75),
(10, 10, '2021-03-10', 12500.30),
(11, 11, '2021-03-15', 13000.50),
(12, 12, '2021-04-01', 11850.75),
(13, 13, '2021-04-05', 12500.25),
(14, 14, '2021-04-10', 10500.60),
(15, 15, '2021-04-15', 13050.90),
(16, 16, '2021-05-01', 13500.60),
(17, 17, '2021-05-05', 14000.50),
(18, 18, '2021-05-10', 12550.40),
(19, 19, '2021-05-15', 13800.90),
(20, 20, '2021-06-01', 11550.30),
(21, 21, '2021-06-05', 12000.90),
(22, 22, '2021-06-10', 12500.25),
(23, 23, '2021-06-15', 13000.75),
(24, 24, '2021-07-01', 11250.50),
(25, 25, '2021-07-05', 13050.30),
(26, 26, '2021-07-10', 11500.75),
(27, 27, '2021-07-15', 12000.60),
(28, 28, '2021-08-01', 13500.50),
(29, 29, '2021-08-05', 14000.25),
(30, 30, '2021-08-10', 12050.75),
(31, 31, '2021-08-15', 12550.50),
(32, 32, '2021-09-01', 14500.90),
(33, 33, '2021-09-05', 15000.30),
(34, 34, '2021-09-10', 14000.60),
(35, 35, '2021-09-15', 15500.75),
(36, 36, '2021-10-01', 13500.25),
(37, 37, '2021-10-05', 14500.50),
(38, 38, '2021-10-10', 13000.30),
(39, 39, '2021-10-15', 12050.75),
(40, 40, '2021-11-01', 14550.90),
(41, 41, '2021-11-05', 15000.60),
(42, 42, '2021-11-10', 14050.30),
(43, 43, '2021-11-15', 15500.50),
(44, 44, '2021-12-01', 13550.75),
(45, 45, '2021-12-05', 12550.60),
(46, 46, '2021-12-10', 13000.90),
(47, 47, '2021-12-15', 14050.25),
(48, 48, '2021-01-02', 11800.90),
(49, 49, '2021-01-07', 12200.30),
(50, 50, '2021-01-12', 12550.60),
(51, 51, '2021-01-17', 13000.50),
(52, 52, '2021-02-02', 14000.75),
(53, 53, '2021-02-07', 13500.30),
(54, 54, '2021-02-12', 15000.60),
(55, 55, '2021-02-17', 15500.25),
(56, 56, '2021-03-02', 13050.75),
(57, 57, '2021-03-07', 14500.25),
(58, 58, '2021-03-12', 14000.30),
(59, 59, '2021-03-17', 12000.90),
(60, 60, '2021-04-02', 13550.50),
(61, 61, '2021-04-07', 12500.75),
(62, 62, '2021-04-12', 13000.25),
(63, 63, '2021-04-17', 11500.90),
(64, 64, '2021-05-02', 13500.75),
(65, 65, '2021-05-07', 14000.50),
(66, 66, '2021-05-12', 12550.90),
(67, 67, '2021-05-17', 13050.60),
(68, 68, '2021-06-02', 14000.75),
(69, 69, '2021-06-07', 12500.25),
(70, 70, '2021-06-12', 12000.75),
(71, 71, '2021-06-17', 13000.90),
(72, 72, '2021-07-02', 11550.50),
(73, 73, '2021-07-07', 12550.75),
(74, 74, '2021-07-12', 13000.75),
(75, 75, '2021-07-17', 12050.60),
(76, 76, '2021-08-02', 13500.90),
(77, 77, '2021-08-07', 14000.50),
(78, 78, '2021-08-12', 12000.30),
(79, 79, '2021-08-17', 12500.60),
(80, 80, '2021-09-02', 14500.75),
(81, 81, '2021-09-07', 15000.25),
(82, 82, '2021-09-12', 13500.90),
(83, 83, '2021-09-17', 13050.50),
(84, 84, '2021-10-02', 14500.25),
(85, 85, '2021-10-07', 15500.30),
(86, 86, '2021-10-12', 15000.60),
(87, 87, '2021-10-17', 14000.50),
(88, 88, '2021-11-02', 13500.30),
(89, 89, '2021-11-07', 12550.25),
(90, 90, '2021-11-12', 13050.60),
(91, 91, '2021-11-17', 14000.30),
(92, 92, '2021-12-02', 13500.90),
(93, 93, '2021-12-07', 12050.60),
(94, 94, '2021-12-12', 11500.75),
(95, 95, '2021-12-17', 12000.90),
(96, 96, '2021-01-03', 11000.25),
(97, 97, '2021-01-08', 12000.30),
(98, 98, '2021-01-13', 13000.75),
(99, 99, '2021-01-18', 12500.60),
(100, 100, '2021-01-23', 13500.75);

select * from forecasting.energy_production_forecast

-- table forecast_accuracy
CREATE TABLE forecasting.forecast_accuracy (
    forecast_id INT PRIMARY KEY, -- Unique identifier, foreign key to forecast tables
    accuracy DECIMAL(5,2) NOT NULL, -- Accuracy percentage of the forecast
    FOREIGN KEY (forecast_id) REFERENCES forecasting.energy_consumption_forecast(forecast_id),
    FOREIGN KEY (forecast_id) REFERENCES forecasting.energy_production_forecast(forecast_id)
);

-- insert table
INSERT INTO forecasting.forecast_accuracy (forecast_id, accuracy)
VALUES 
(1, 94.75),
(2, 89.50),
(3, 92.30),
(4, 96.10),
(5, 87.25),
(6, 95.00),
(7, 90.40),
(8, 93.15),
(9, 88.75),
(10, 91.25),
(11, 97.80),
(12, 86.90),
(13, 98.00),
(14, 85.60),
(15, 94.50),
(16, 89.30),
(17, 91.80),
(18, 96.70),
(19, 90.20),
(20, 92.95),
(21, 88.35),
(22, 95.40),
(23, 86.50),
(24, 97.25),
(25, 89.75),
(26, 93.60),
(27, 87.90),
(28, 94.80),
(29, 91.10),
(30, 96.30),
(31, 92.50),
(32, 88.70),
(33, 89.80),
(34, 95.90),
(35, 87.40),
(36, 98.30),
(37, 93.45),
(38, 91.60),
(39, 96.25),
(40, 89.20),
(41, 94.15),
(42, 92.75),
(43, 90.55),
(44, 97.10),
(45, 85.90),
(46, 93.80),
(47, 88.25),
(48, 95.30),
(49, 90.10),
(50, 96.90),
(51, 94.60),
(52, 87.85),
(53, 92.10),
(54, 89.95),
(55, 91.35),
(56, 98.20),
(57, 85.75),
(58, 96.50),
(59, 88.90),
(60, 97.00),
(61, 91.85),
(62, 94.00),
(63, 93.50),
(64, 90.70),
(65, 89.60),
(66, 95.75),
(67, 86.20),
(68, 98.15),
(69, 91.20),
(70, 94.30),
(71, 93.10),
(72, 90.85),
(73, 96.60),
(74, 88.60),
(75, 95.20),
(76, 87.95),
(77, 97.35),
(78, 92.85),
(79, 89.45),
(80, 94.40),
(81, 90.00),
(82, 96.20),
(83, 88.50),
(84, 93.70),
(85, 85.95),
(86, 98.10),
(87, 91.90),
(88, 95.65),
(89, 90.25),
(90, 94.75),
(91, 88.20),
(92, 97.15),
(93, 93.25),
(94, 85.50),
(95, 96.80),
(96, 89.10),
(97, 92.65),
(98, 91.50),
(99, 98.50),
(100, 87.75);

select * from forecasting.forecast_accuracy